"region","year","chinook","chum","coho","pink","sockeye"
"ALU",1911,0,0,0,0,9
"ALU",1912,0,0,0,0,0
"ALU",1913,0,0,0,0,0
"ALU",1914,0,0,0,0,0
"ALU",1915,0,0,0,0,0
"ALU",1916,0,0,1,180,76
"ALU",1917,0,23,4,1,70
"ALU",1918,0,0,4,76,55
"ALU",1919,0,0,1,4,4
"ALU",1920,0,0,3,0,10
"ALU",1921,0,0,0,0,0
"ALU",1922,0,0,0,0,14
"ALU",1923,0,0,0,0,0
"ALU",1924,0,0,0,674,25
"ALU",1925,0,9,0,4,19
"ALU",1926,0,8,0,522,1
"ALU",1927,0,0,0,335,17
"ALU",1928,0,0,0,0,0
"ALU",1929,0,0,0,0,0
"ALU",1930,0,0,0,0,0
"ALU",1931,0,0,0,0,0
"ALU",1932,0,0,0,0,0
"ALU",1933,0,0,0,0,0
"ALU",1934,0,0,0,0,0
"ALU",1935,0,0,0,0,0
"ALU",1936,0,0,0,0,0
"ALU",1937,0,0,0,0,0
"ALU",1938,0,0,0,0,0
"ALU",1939,0,0,0,0,0
"ALU",1940,0,0,0,0,0
"ALU",1941,0,0,0,0,0
"ALU",1942,0,0,0,0,0
"ALU",1943,0,0,0,0,0
"ALU",1944,0,0,0,0,0
"ALU",1945,0,0,0,0,0
"ALU",1946,0,0,0,0,0
"ALU",1947,0,0,0,0,0
"ALU",1948,0,0,0,0,0
"ALU",1949,0,0,0,0,0
"ALU",1950,0,0,0,0,0
"ALU",1951,0,95,0,1,12
"ALU",1952,0,26,0,32,43
"ALU",1953,0,1,1,69,4
"ALU",1954,0,0,1,566,6
"ALU",1955,0,0,0,31,13
"ALU",1956,0,0,0,5,0
"ALU",1957,2,14,0,0,27
"ALU",1958,0,0,0,613,0
"ALU",1959,0,0,0,12,6
"ALU",1960,0,0,0,445,8
"ALU",1961,0,0,0,94,3
"ALU",1962,0,1,0,2002,5
"ALU",1963,0,0,0,90,5
"ALU",1964,0,2,0,194,0
"ALU",1965,0,0,0,0,0
"ALU",1966,0,1,0,63,1
"ALU",1967,0,0,0,8,0
"ALU",1968,0,1,0,894,3
"ALU",1969,0,0,0,242,0
"ALU",1970,0,3,0,642,0
"ALU",1971,0,0,0,45,0
"ALU",1972,0,0,0,3,0
"ALU",1973,0,0,0,2,0
"ALU",1974,0,0,0,0,0
"ALU",1975,0,2,0,1,19
"ALU",1976,0,0,0,0,0
"ALU",1977,0,0,0,0,0
"ALU",1978,0,0,0,38,2
"ALU",1979,0,0,0,539,12
"ALU",1980,0,5,0,2597,9
"ALU",1981,0,7,0,303,5
"ALU",1982,0,6,0,1405,3
"ALU",1983,0,10,0,3,6
"ALU",1984,0,32,2,2271,67
"ALU",1985,0,0,0,0,2
"ALU",1986,0,2,0,41,6
"ALU",1987,0,0,0,0,0
"ALU",1988,0,0,0,183,4
"ALU",1989,0,0,0,7,8
"ALU",1990,0,1,0,283,12
"ALU",1991,0,0,0,0,1
"ALU",1992,0,2,0,320,3
"ALU",1993,0,1,0,0,0
"ALU",1994,0,1,0,860,0
"ALU",1995,0,0,0,0,0
"ALU",1996,0,0,0,0,0
"ALU",1997,0,0,0,0,0
"BER",1896,0,0,0,0,24
"BER",1897,0,0,0,0,39
"BER",1898,0,0,0,0,39
"BER",1899,0,0,0,0,27
"BER",1900,0,0,0,0,106
"BER",1901,0,0,0,0,0
"BER",1902,0,0,0,0,0
"BER",1903,0,0,0,0,0
"BER",1904,0,0,0,0,123
"BER",1905,0,0,0,0,0
"BER",1906,0,0,0,0,54
"BER",1907,0,0,0,0,0
"BER",1908,0,0,0,0,0
"BER",1909,0,0,0,0,0
"BER",1910,0,0,0,0,0
"BER",1911,0,0,0,0,0
"BER",1912,0,0,8,0,41
"BER",1913,0,0,0,0,39
"BER",1914,0,0,0,0,10
"BER",1915,0,0,0,0,106
"BER",1916,0,0,52,14,141
"BER",1917,0,0,78,0,163
"BER",1918,0,0,80,1,173
"BER",1919,0,0,77,0,140
"BER",1920,0,0,64,0,163
"BER",1921,0,0,0,0,121
"BER",1922,0,0,0,0,131
"BER",1923,0,0,25,0,192
"BER",1924,0,0,80,0,87
"BER",1925,0,0,57,0,53
"BER",1926,0,0,53,0,37
"BER",1927,0,0,0,0,0
"BER",1928,0,0,0,0,0
"BER",1929,0,0,0,0,0
"BER",1930,0,0,0,0,0
"BER",1931,0,0,0,0,0
"BER",1932,0,0,0,0,0
"BER",1933,0,0,0,0,20
"BER",1934,0,0,0,0,78
"BER",1935,0,0,0,0,0
"BER",1936,0,0,0,0,50
"BER",1937,0,0,0,0,29
"BER",1938,0,0,0,0,0
"BER",1939,0,0,0,0,0
"BER",1940,0,0,0,0,0
"BER",1941,0,0,0,0,0
"BER",1942,0,0,0,0,0
"BER",1943,0,0,0,0,0
"BER",1944,0,0,0,0,0
"BER",1945,0,0,0,0,0
"BER",1946,0,0,0,0,0
"BER",1947,0,0,0,0,0
"BER",1948,0,0,0,0,0
"BER",1949,0,0,0,0,0
"BER",1950,0,0,0,0,0
"BER",1951,0,0,46,0,4
"BER",1952,0,0,14,0,0
"BER",1953,0,0,0,0,9
"BER",1954,0,0,92,0,0
"BER",1955,0,0,70,0,34
"BER",1956,0,0,53,0,41
"BER",1957,0,0,27,0,29
"BER",1958,0,0,21,0,24
"BER",1959,0,0,59,0,27
"BER",1960,0,0,70,0,33
"BER",1961,1,0,51,0,60
"BER",1962,0,0,56,0,72
"BER",1963,0,0,89,0,23
"BER",1964,0,0,79,0,13
"BER",1965,0,0,52,0,11
"BER",1966,0,0,50,0,25
"BER",1967,0,0,46,0,12
"BER",1968,0,0,67,0,26
"BER",1969,0,0,4,0,38
"BER",1970,0,0,79,0,24
"BER",1971,0,0,88,0,37
"BER",1972,0,0,20,0,52
"BER",1973,0,0,65,0,15
"BER",1974,0,0,29,0,4
"BER",1975,0,0,24,0,22
"BER",1976,0,0,42,0,31
"BER",1977,0,0,47,0,14
"BER",1978,0,2,91,0,34
"BER",1979,0,23,114,7,139
"BER",1980,0,0,109,0,0
"BER",1981,0,8,83,10,56
"BER",1982,0,0,145,0,130
"BER",1983,1,5,118,1,180
"BER",1984,0,23,212,1,99
"BER",1985,0,10,419,0,27
"BER",1986,0,0,115,0,19
"BER",1987,0,0,16,0,17
"BER",1988,0,0,87,0,7
"BER",1989,0,0,27,0,9
"BER",1990,0,0,43,0,8
"BER",1991,0,0,111,0,19
"BER",1992,0,0,126,0,20
"BER",1993,0,0,116,0,34
"BER",1994,0,0,259,0,28
"BER",1995,0,0,282,0,22
"BER",1996,0,0,94,0,38
"BER",1997,0,0,0,0,10
"BRB",1884,0,0,0,0,0
"BRB",1885,0,0,0,0,0
"BRB",1886,0,0,0,0,0
"BRB",1887,0,0,0,0,0
"BRB",1888,0,0,0,0,0
"BRB",1889,0,0,0,0,0
"BRB",1890,0,0,0,0,0
"BRB",1891,0,0,0,0,0
"BRB",1892,0,0,0,0,0
"BRB",1893,44,0,74,0,940
"BRB",1894,11,0,47,0,1235
"BRB",1895,20,0,28,0,1472
"BRB",1896,17,0,245,0,2100
"BRB",1897,20,0,150,35,3318
"BRB",1898,19,0,56,60,4928
"BRB",1899,38,0,100,17,5113
"BRB",1900,58,0,0,8,8547
"BRB",1901,106,0,4,231,10221
"BRB",1902,109,0,194,502,12809
"BRB",1903,87,0,60,242,16320
"BRB",1904,98,37,129,398,11903
"BRB",1905,117,59,78,291,14834
"BRB",1906,143,254,207,1902,10823
"BRB",1907,138,509,129,344,10193
"BRB",1908,90,460,103,399,16234
"BRB",1909,130,378,81,101,15498
"BRB",1910,102,310,139,652,11594
"BRB",1911,113,348,130,92,8815
"BRB",1912,98,355,195,1681,19696
"BRB",1913,74,285,67,425,20582
"BRB",1914,101,567,99,565,20195
"BRB",1915,148,593,130,135,14788
"BRB",1916,105,1490,293,684,17522
"BRB",1917,91,356,62,37,24514
"BRB",1918,87,746,109,619,23091
"BRB",1919,202,204,47,0,7161
"BRB",1920,127,434,153,2045,8898
"BRB",1921,92,355,85,1,15680
"BRB",1922,74,516,160,290,23632
"BRB",1923,67,185,9,0,18182
"BRB",1924,72,285,40,103,10302
"BRB",1925,97,232,17,0,7910
"BRB",1926,75,326,13,288,19414
"BRB",1927,84,196,0,0,11072
"BRB",1928,66,397,5,47,19710
"BRB",1929,151,622,59,0,12189
"BRB",1930,105,227,34,249,4259
"BRB",1931,47,636,1,0,12791
"BRB",1932,68,909,5,172,14940
"BRB",1933,49,256,16,0,23709
"BRB",1934,46,332,12,33,20601
"BRB",1935,4,72,2,0,3023
"BRB",1936,22,259,24,524,20587
"BRB",1937,37,302,2,0,21258
"BRB",1938,46,545,5,0,24700
"BRB",1939,33,935,0,0,13332
"BRB",1940,15,293,25,258,4727
"BRB",1941,31,524,35,0,7154
"BRB",1942,19,169,29,172,6343
"BRB",1943,41,377,2,0,17330
"BRB",1944,16,315,25,55,11546
"BRB",1945,27,635,16,0,7300
"BRB",1946,27,236,51,41,8051
"BRB",1947,42,216,10,0,18642
"BRB",1948,49,497,12,53,14544
"BRB",1949,51,269,26,0,6449
"BRB",1950,45,146,29,32,7157
"BRB",1951,40,157,42,0,4327
"BRB",1952,53,249,5,14,11266
"BRB",1953,43,387,5,0,6112
"BRB",1954,56,401,24,103,4653
"BRB",1955,75,212,21,0,4549
"BRB",1956,66,316,63,92,8881
"BRB",1957,91,259,69,0,6276
"BRB",1958,103,358,136,1136,2986
"BRB",1959,84,482,17,0,4608
"BRB",1960,112,1316,16,302,13705
"BRB",1961,89,728,21,1,11914
"BRB",1962,84,678,39,914,4718
"BRB",1963,62,370,41,0,2871
"BRB",1964,140,803,37,1550,5596
"BRB",1965,113,361,8,1,24255
"BRB",1966,77,343,34,2493,9314
"BRB",1967,117,476,54,1,4331
"BRB",1968,104,364,93,1936,2793
"BRB",1969,125,392,81,2,6617
"BRB",1970,140,857,15,457,20354
"BRB",1971,123,832,13,0,9584
"BRB",1972,70,418,15,127,2825
"BRB",1973,44,1063,57,0,761
"BRB",1974,46,913,44,940,1362
"BRB",1975,30,888,46,0,4899
"BRB",1976,96,1489,27,1037,5617
"BRB",1977,131,1791,107,5,4878
"BRB",1978,192,1270,94,5160,9928
"BRB",1979,208,941,74,4,20737
"BRB",1980,95,1650,348,2565,22373
"BRB",1981,237,2182,314,7,25603
"BRB",1982,253,1239,620,1492,15103
"BRB",1983,199,1632,128,0,37372
"BRB",1984,102,2023,575,3366,24710
"BRB",1985,120,1068,163,0,23703
"BRB",1986,94,1227,182,401,15776
"BRB",1987,75,1529,65,0,16069
"BRB",1988,45,1470,203,956,13990
"BRB",1989,40,1259,240,0,28735
"BRB",1990,34,1055,103,497,33444
"BRB",1991,30,1290,118,0,25821
"BRB",1992,69,921,192,500,31880
"BRB",1993,86,838,73,0,40463
"BRB",1994,141,895,175,90,35224
"BRB",1995,99,980,49,0,44269
"BRB",1996,87,827,125,38,29592
"BRB",1997,77,318,50,0,12159
"CHG",1888,0,0,0,0,13
"CHG",1889,0,0,0,0,560
"CHG",1890,0,0,0,0,453
"CHG",1891,0,0,0,0,775
"CHG",1892,0,0,0,0,522
"CHG",1893,0,0,64,0,600
"CHG",1894,0,0,0,0,600
"CHG",1895,0,0,0,0,683
"CHG",1896,3,0,57,0,850
"CHG",1897,0,0,11,6,765
"CHG",1898,0,1,1,0,1165
"CHG",1899,0,0,13,18,904
"CHG",1900,0,1,2,52,1047
"CHG",1901,0,0,7,40,907
"CHG",1902,0,0,0,0,1782
"CHG",1903,0,0,9,84,1150
"CHG",1904,0,0,0,28,1690
"CHG",1905,0,0,0,0,1297
"CHG",1906,0,0,0,0,1324
"CHG",1907,0,0,1,0,1623
"CHG",1908,0,0,0,0,1631
"CHG",1909,0,0,0,0,1731
"CHG",1910,0,0,37,17,1315
"CHG",1911,0,15,8,23,1078
"CHG",1912,2,28,19,55,1331
"CHG",1913,0,91,24,30,833
"CHG",1914,1,32,34,80,1057
"CHG",1915,2,65,30,56,1330
"CHG",1916,1,89,46,267,1003
"CHG",1917,1,125,13,10,1457
"CHG",1918,1,344,21,396,1543
"CHG",1919,1,137,35,5,885
"CHG",1920,1,152,22,298,1773
"CHG",1921,0,221,13,31,1829
"CHG",1922,1,213,15,360,1249
"CHG",1923,1,88,19,9,643
"CHG",1924,0,111,94,1015,877
"CHG",1925,1,102,30,43,713
"CHG",1926,1,265,32,677,511
"CHG",1927,1,171,101,187,456
"CHG",1928,0,123,66,46,786
"CHG",1929,2,185,37,73,1049
"CHG",1930,0,50,19,68,21
"CHG",1931,1,46,40,170,715
"CHG",1932,1,50,25,812,1578
"CHG",1933,1,120,53,325,596
"CHG",1934,1,134,27,537,1108
"CHG",1935,1,191,18,373,619
"CHG",1936,1,114,40,597,981
"CHG",1937,1,123,19,1205,629
"CHG",1938,1,71,24,223,411
"CHG",1939,2,79,9,273,1482
"CHG",1940,0,25,0,87,250
"CHG",1941,1,162,31,327,654
"CHG",1942,2,151,12,486,659
"CHG",1943,1,52,20,96,1248
"CHG",1944,2,67,14,568,402
"CHG",1945,1,136,8,442,221
"CHG",1946,2,265,7,907,869
"CHG",1947,1,72,5,472,2085
"CHG",1948,1,369,1,1072,370
"CHG",1949,1,129,6,92,543
"CHG",1950,1,92,15,617,353
"CHG",1951,1,26,7,19,259
"CHG",1952,0,152,9,82,127
"CHG",1953,1,230,1,137,295
"CHG",1954,0,124,0,348,92
"CHG",1955,1,291,0,823,353
"CHG",1956,1,267,5,177,670
"CHG",1957,1,216,5,305,305
"CHG",1958,1,189,0,131,320
"CHG",1959,1,187,5,67,428
"CHG",1960,0,152,8,198,710
"CHG",1961,0,183,3,445,323
"CHG",1962,0,364,1,1518,365
"CHG",1963,2,113,10,1662,409
"CHG",1964,1,334,2,1683,558
"CHG",1965,2,121,9,1118,631
"CHG",1966,1,239,15,684,222
"CHG",1967,1,76,9,109,468
"CHG",1968,1,224,2,1291,878
"CHG",1969,3,68,18,1780,310
"CHG",1970,1,462,15,1287,1326
"CHG",1971,2,359,15,632,1016
"CHG",1972,0,78,20,72,378
"CHG",1973,1,9,22,25,870
"CHG",1974,0,34,12,70,663
"CHG",1975,1,25,53,66,400
"CHG",1976,2,81,35,395,1164
"CHG",1977,1,113,17,618,1972
"CHG",1978,2,121,20,985,1576
"CHG",1979,1,189,99,1905,1049
"CHG",1980,2,253,120,1093,860
"CHG",1981,3,580,79,1163,1839
"CHG",1982,5,390,303,873,1522
"CHG",1983,5,159,62,321,1824
"CHG",1984,4,63,110,445,2661
"CHG",1985,2,23,191,160,922
"CHG",1986,3,177,117,647,1646
"CHG",1987,3,127,150,247,1899
"CHG",1988,7,267,370,2997,796
"CHG",1989,4,2,68,28,1159
"CHG",1990,10,270,130,550,2094
"CHG",1991,3,261,166,1169,1899
"CHG",1992,11,222,311,1554,1277
"CHG",1993,20,122,229,1648,1697
"CHG",1994,4,227,231,431,1618
"CHG",1995,5,381,282,2058,1724
"CHG",1996,3,121,193,189,1958
"CHG",1997,3,156,91,844,770
"CKI",1893,30,0,34,0,170
"CKI",1894,16,0,19,0,407
"CKI",1895,25,0,0,0,324
"CKI",1896,18,0,28,38,310
"CKI",1897,14,0,28,0,355
"CKI",1898,16,0,83,0,551
"CKI",1899,17,0,55,0,559
"CKI",1900,27,0,20,0,585
"CKI",1901,34,0,9,6,482
"CKI",1902,49,0,55,79,710
"CKI",1903,66,0,59,0,564
"CKI",1904,30,0,24,0,489
"CKI",1905,18,0,0,0,96
"CKI",1906,22,0,93,64,226
"CKI",1907,63,0,177,6,461
"CKI",1908,34,0,95,375,671
"CKI",1909,60,0,88,4,583
"CKI",1910,49,1,80,218,840
"CKI",1911,56,1,88,71,1249
"CKI",1912,48,122,71,1662,1195
"CKI",1913,64,11,81,11,1369
"CKI",1914,48,40,188,1256,1473
"CKI",1915,84,28,122,19,1861
"CKI",1916,63,128,210,1683,1699
"CKI",1917,65,78,61,54,1660
"CKI",1918,35,108,251,721,1668
"CKI",1919,24,54,173,43,944
"CKI",1920,40,98,302,446,1315
"CKI",1921,14,42,21,5,984
"CKI",1922,31,74,200,637,860
"CKI",1923,30,23,143,39,1099
"CKI",1924,27,37,188,752,1056
"CKI",1925,51,15,198,12,1511
"CKI",1926,76,118,353,586,2000
"CKI",1927,87,59,388,252,1459
"CKI",1928,70,101,523,568,1173
"CKI",1929,68,135,185,377,1050
"CKI",1930,72,100,498,1023,918
"CKI",1931,51,63,328,472,806
"CKI",1932,71,65,375,441,1132
"CKI",1933,59,57,188,118,1336
"CKI",1934,72,91,251,930,1815
"CKI",1935,75,161,170,431,1356
"CKI",1936,81,265,328,853,2390
"CKI",1937,86,149,216,488,1581
"CKI",1938,58,191,214,849,2425
"CKI",1939,53,232,163,319,2335
"CKI",1940,63,281,478,2604,1649
"CKI",1941,105,272,359,715,1293
"CKI",1942,95,401,645,966,1540
"CKI",1943,111,302,280,1457,1468
"CKI",1944,85,259,257,1815,1940
"CKI",1945,69,306,330,1368,1557
"CKI",1946,64,384,581,1339,1474
"CKI",1947,107,279,444,682,1474
"CKI",1948,106,439,408,1660,2035
"CKI",1949,111,239,280,433,2153
"CKI",1950,163,464,351,1132,2642
"CKI",1951,188,292,285,417,2481
"CKI",1952,75,451,234,2277,1510
"CKI",1953,89,537,228,550,1490
"CKI",1954,65,776,337,2460,1247
"CKI",1955,46,317,180,1286,1064
"CKI",1956,65,870,208,1803,1295
"CKI",1957,43,1208,127,307,671
"CKI",1958,23,596,242,2598,497
"CKI",1959,33,411,113,137,634
"CKI",1960,28,776,314,2023,948
"CKI",1961,20,405,119,337,1185
"CKI",1962,20,1150,358,4960,1173
"CKI",1963,18,526,204,234,958
"CKI",1964,5,1402,462,4287,991
"CKI",1965,10,345,154,140,1426
"CKI",1966,10,661,295,2586,1867
"CKI",1967,8,382,180,408,1409
"CKI",1968,5,1194,475,2864,1200
"CKI",1969,12,331,101,236,815
"CKI",1970,8,999,279,1386,753
"CKI",1971,20,476,104,428,659
"CKI",1972,16,706,82,657,938
"CKI",1973,5,783,106,634,699
"CKI",1974,7,416,206,534,525
"CKI",1975,5,973,234,1400,713
"CKI",1976,11,521,212,1393,1722
"CKI",1977,15,1380,196,1846,2154
"CKI",1978,19,645,226,2041,2778
"CKI",1979,15,873,285,3052,989
"CKI",1980,14,463,286,2676,1643
"CKI",1981,13,1170,495,3406,1550
"CKI",1982,22,1632,841,1342,3391
"CKI",1983,22,1307,528,998,5237
"CKI",1984,11,773,467,1318,2376
"CKI",1985,25,803,678,1318,4339
"CKI",1986,40,1229,777,2710,5030
"CKI",1987,41,511,466,311,9718
"CKI",1988,31,1037,571,1396,7165
"CKI",1989,29,139,353,1365,5185
"CKI",1990,18,362,512,988,3820
"CKI",1991,15,305,447,843,2508
"CKI",1992,20,298,475,1176,9301
"CKI",1993,23,139,321,968,5004
"CKI",1994,21,334,600,2172,3706
"CKI",1995,22,577,466,2982,3243
"CKI",1996,15,167,336,696,4376
"CKI",1997,15,110,164,2886,4450
"COP",1904,5,0,0,0,502
"COP",1905,20,0,0,0,320
"COP",1906,2,0,0,0,265
"COP",1907,1,0,0,0,264
"COP",1908,0,0,0,0,466
"COP",1909,3,0,0,0,317
"COP",1910,1,0,18,0,222
"COP",1911,1,0,34,0,408
"COP",1912,6,0,36,0,456
"COP",1913,2,0,0,0,405
"COP",1914,3,0,42,0,571
"COP",1915,7,0,12,16,819
"COP",1916,14,0,118,32,770
"COP",1917,14,0,126,9,920
"COP",1918,20,1,74,5,1492
"COP",1919,13,0,53,0,1329
"COP",1920,23,0,74,0,855
"COP",1921,11,0,0,0,570
"COP",1922,10,0,0,0,506
"COP",1923,10,0,0,0,626
"COP",1924,16,0,42,0,791
"COP",1925,20,0,153,0,161
"COP",1926,21,0,178,0,211
"COP",1927,42,0,410,0,341
"COP",1928,45,0,304,0,532
"COP",1929,47,0,184,0,968
"COP",1930,25,0,598,0,830
"COP",1931,35,0,92,0,760
"COP",1932,29,0,0,0,830
"COP",1933,19,0,96,0,629
"COP",1934,13,0,0,3,914
"COP",1935,3,0,80,0,112
"COP",1936,11,0,0,0,863
"COP",1937,14,0,46,2,1024
"COP",1938,11,0,0,2,768
"COP",1939,9,0,7,3,634
"COP",1940,5,0,229,0,436
"COP",1941,12,0,566,11,444
"COP",1942,25,0,710,2,562
"COP",1943,20,0,186,1,700
"COP",1944,10,0,294,0,770
"COP",1945,22,0,324,0,824
"COP",1946,24,0,284,0,550
"COP",1947,15,0,279,0,354
"COP",1948,6,0,267,0,173
"COP",1949,9,0,173,0,442
"COP",1950,18,0,146,0,800
"COP",1951,17,0,154,0,452
"COP",1952,29,1,164,6,1136
"COP",1953,12,0,30,0,564
"COP",1954,16,0,158,0,1100
"COP",1955,20,0,158,0,637
"COP",1956,12,0,109,1,541
"COP",1957,8,1,59,2,542
"COP",1958,7,0,82,9,307
"COP",1959,10,0,132,1,300
"COP",1960,9,0,138,0,361
"COP",1961,8,0,134,2,528
"COP",1962,15,1,175,2,678
"COP",1963,11,0,203,1,375
"COP",1964,13,0,243,1,700
"COP",1965,15,0,71,1,818
"COP",1966,11,0,116,1,1006
"COP",1967,10,0,161,1,508
"COP",1968,10,0,231,4,573
"COP",1969,14,0,77,1,697
"COP",1970,19,1,162,1,1115
"COP",1971,16,5,209,2,617
"COP",1972,22,1,103,2,727
"COP",1973,20,10,132,9,333
"COP",1974,19,1,47,10,607
"COP",1975,20,1,54,0,335
"COP",1976,31,0,112,3,865
"COP",1977,22,0,131,23,619
"COP",1978,29,2,220,4,250
"COP",1979,18,0,195,1,81
"COP",1980,8,0,225,4,19
"COP",1981,20,2,310,24,478
"COP",1982,47,3,455,34,1178
"COP",1983,53,2,237,8,627
"COP",1984,39,7,382,32,900
"COP",1985,42,6,588,19,928
"COP",1986,41,18,296,3,780
"COP",1987,41,14,112,27,1181
"COP",1988,31,11,316,3,577
"COP",1989,31,6,195,26,1028
"COP",1990,22,8,247,2,846
"COP",1991,35,20,386,1,1208
"COP",1992,40,6,292,2,971
"COP",1993,30,13,281,10,1398
"COP",1994,48,19,678,12,1153
"COP",1995,67,56,543,20,1272
"COP",1996,58,26,193,6,2357
"COP",1997,53,2,19,8,2986
"GSE",1878,0,0,0,0,0
"GSE",1879,0,0,0,0,0
"GSE",1880,0,0,0,0,0
"GSE",1881,0,0,0,0,0
"GSE",1882,0,0,0,0,0
"GSE",1883,0,0,0,0,0
"GSE",1884,0,0,0,0,0
"GSE",1885,0,0,0,0,0
"GSE",1886,0,0,0,0,0
"GSE",1887,0,0,0,0,0
"GSE",1888,0,0,0,0,0
"GSE",1889,0,0,0,0,0
"GSE",1890,0,0,0,0,0
"GSE",1891,0,0,0,0,0
"GSE",1892,0,0,0,0,0
"GSE",1893,6,0,256,0,127
"GSE",1894,6,0,331,0,117
"GSE",1895,0,0,590,0,148
"GSE",1896,4,3,40,634,114
"GSE",1897,6,0,95,1155,0
"GSE",1898,8,28,123,889,192
"GSE",1899,12,7,138,1367,269
"GSE",1900,6,31,176,2214,262
"GSE",1901,6,0,109,5356,389
"GSE",1902,2,0,82,5286,583
"GSE",1903,36,0,280,3908,553
"GSE",1904,0,69,43,1356,59
"GSE",1905,13,449,3,98,0
"GSE",1906,13,32,22,575,12
"GSE",1907,11,0,0,84,5
"GSE",1908,19,21,24,960,18
"GSE",1909,42,0,0,135,0
"GSE",1910,70,0,9,106,2
"GSE",1911,5,55,24,1006,44
"GSE",1912,181,19,6,113,6
"GSE",1913,94,32,26,530,10
"GSE",1914,124,67,7,205,3
"GSE",1915,60,105,82,2339,73
"GSE",1916,80,240,130,1482,76
"GSE",1917,19,292,22,1310,18
"GSE",1918,103,231,64,3370,93
"GSE",1919,200,211,71,519,49
"GSE",1920,97,390,130,1120,96
"GSE",1921,156,135,99,1294,26
"GSE",1922,133,37,83,371,40
"GSE",1923,156,168,111,1740,72
"GSE",1924,288,156,102,590,32
"GSE",1925,223,168,154,822,26
"GSE",1926,174,335,196,294,28
"GSE",1927,254,26,152,10,4
"GSE",1928,0,0,0,0,0
"GSE",1929,0,0,0,0,0
"GSE",1930,0,0,0,0,0
"GSE",1931,0,0,0,0,0
"GSE",1932,0,0,0,0,0
"GSE",1933,0,0,0,0,0
"GSE",1934,0,0,0,0,0
"GSE",1935,0,0,0,0,0
"GSE",1936,0,0,0,0,0
"GSE",1937,0,0,0,0,0
"GSE",1938,0,0,0,0,0
"GSE",1939,0,0,0,0,0
"GSE",1940,0,0,0,0,0
"GSE",1941,0,0,0,0,0
"GSE",1942,0,0,0,0,0
"GSE",1943,0,0,0,0,0
"GSE",1944,0,0,0,0,0
"GSE",1945,0,0,0,0,0
"GSE",1946,0,0,0,0,0
"GSE",1947,0,0,0,0,0
"GSE",1948,0,0,0,0,0
"GSE",1949,0,0,0,0,0
"GSE",1950,0,0,0,0,0
"GSE",1951,0,0,0,0,0
"GSE",1952,0,0,0,0,0
"GSE",1953,0,0,0,0,0
"GSE",1954,0,1,0,2,12
"GSE",1955,1,1,0,0,66
"GSE",1956,0,0,0,0,0
"GSE",1957,2,44,2,0,40
"GSE",1958,2,20,0,2,36
"GSE",1959,6,45,2,0,113
"KOD",1882,0,0,0,0,59
"KOD",1883,0,0,0,0,189
"KOD",1884,0,0,0,0,282
"KOD",1885,0,0,0,0,469
"KOD",1886,0,0,0,0,646
"KOD",1887,0,0,0,0,1005
"KOD",1888,0,0,0,0,2781
"KOD",1889,0,0,0,0,3755
"KOD",1890,0,0,0,0,3593
"KOD",1891,0,0,0,0,3846
"KOD",1892,0,0,0,0,3126
"KOD",1893,0,0,0,0,3245
"KOD",1894,0,0,0,0,3830
"KOD",1895,0,0,8,0,2247
"KOD",1896,0,0,0,0,3329
"KOD",1897,0,0,2,0,2786
"KOD",1898,0,0,19,0,2033
"KOD",1899,1,0,32,0,1935
"KOD",1900,5,0,32,0,3450
"KOD",1901,4,0,0,2,4826
"KOD",1902,3,0,35,0,3868
"KOD",1903,1,0,120,10,1826
"KOD",1904,3,0,103,5,2875
"KOD",1905,2,0,87,0,2142
"KOD",1906,4,0,24,0,3980
"KOD",1907,4,0,38,0,4232
"KOD",1908,3,0,74,286,2488
"KOD",1909,4,0,52,154,1915
"KOD",1910,2,0,44,215,1955
"KOD",1911,1,6,22,230,2686
"KOD",1912,1,25,17,547,2246
"KOD",1913,1,4,28,590,1663
"KOD",1914,1,13,32,1726,1255
"KOD",1915,1,20,52,252,1664
"KOD",1916,1,29,50,3182,3373
"KOD",1917,1,16,30,225,3646
"KOD",1918,2,82,78,2467,1894
"KOD",1919,2,60,104,283,1619
"KOD",1920,2,55,89,1977,1958
"KOD",1921,1,25,46,68,2858
"KOD",1922,1,224,120,2766,1097
"KOD",1923,2,39,78,929,1090
"KOD",1924,1,118,121,5435,1408
"KOD",1925,2,212,93,2674,1693
"KOD",1926,1,325,174,4607,3015
"KOD",1927,4,418,152,5297,1155
"KOD",1928,3,726,291,1535,1592
"KOD",1929,3,1058,144,6108,712
"KOD",1930,5,419,229,1651,466
"KOD",1931,2,184,170,6840,1183
"KOD",1932,2,237,52,4720,1058
"KOD",1933,1,537,91,6574,1428
"KOD",1934,1,661,90,7642,1829
"KOD",1935,1,382,77,10781,1614
"KOD",1936,3,328,184,5648,2657
"KOD",1937,1,346,165,16787,1881
"KOD",1938,1,640,155,8398,1966
"KOD",1939,2,642,112,11741,1786
"KOD",1940,1,673,148,9998,1318
"KOD",1941,3,445,200,7602,1730
"KOD",1942,1,565,107,6093,1282
"KOD",1943,1,454,60,12480,1991
"KOD",1944,1,507,52,4955,1818
"KOD",1945,2,559,60,9045,2041
"KOD",1946,0,298,56,9546,839
"KOD",1947,0,295,76,8857,993
"KOD",1948,1,331,32,5968,1260
"KOD",1949,1,700,54,4928,892
"KOD",1950,2,685,41,5305,921
"KOD",1951,2,483,49,2100,468
"KOD",1952,1,1243,52,4577,604
"KOD",1953,3,548,42,5175,317
"KOD",1954,1,1251,66,8439,325
"KOD",1955,2,482,35,10794,164
"KOD",1956,1,705,53,3319,271
"KOD",1957,1,1208,35,4716,234
"KOD",1958,2,931,21,4039,288
"KOD",1959,2,734,15,1967,330
"KOD",1960,1,1300,54,6738,363
"KOD",1961,1,519,29,3926,408
"KOD",1962,1,795,55,14114,785
"KOD",1963,0,305,57,5480,407
"KOD",1964,1,1134,36,12044,498
"KOD",1965,1,431,27,2887,346
"KOD",1966,1,763,68,10756,632
"KOD",1967,2,227,10,188,309
"KOD",1968,2,750,57,8768,760
"KOD",1969,2,535,49,12497,591
"KOD",1970,1,920,66,12037,917
"KOD",1971,1,1541,23,4334,478
"KOD",1972,1,1163,17,2478,222
"KOD",1973,1,318,4,512,167
"KOD",1974,1,249,14,2645,419
"KOD",1975,0,84,24,2943,136
"KOD",1976,1,740,24,11078,641
"KOD",1977,1,1072,28,6252,623
"KOD",1978,3,814,49,15004,1072
"KOD",1979,2,358,141,11286,631
"KOD",1980,1,1076,139,17291,651
"KOD",1981,1,1345,122,10337,1289
"KOD",1982,1,1263,345,8090,1204
"KOD",1983,4,1085,158,4603,1232
"KOD",1984,5,649,230,10847,1951
"KOD",1985,5,431,284,7335,1843
"KOD",1986,4,1134,169,11809,3188
"KOD",1987,5,682,193,5076,1794
"KOD",1988,22,1427,303,14564,2701
"KOD",1989,0,20,3,6825,1290
"KOD",1990,19,578,294,5984,5248
"KOD",1991,22,1029,325,16643,5704
"KOD",1992,24,680,280,3311,4168
"KOD",1993,42,588,313,34019,4378
"KOD",1994,23,739,296,8163,2878
"KOD",1995,19,1523,308,42849,4489
"KOD",1996,13,544,202,3487,4970
"KOD",1997,19,520,381,11035,2506
"KSK",1913,8,0,0,0,0
"KSK",1914,0,0,0,0,3
"KSK",1915,0,0,0,0,0
"KSK",1916,1,0,0,0,0
"KSK",1917,8,0,0,0,0
"KSK",1918,3,0,0,0,0
"KSK",1919,5,0,0,0,0
"KSK",1920,35,0,0,0,0
"KSK",1921,10,0,0,0,0
"KSK",1922,9,0,0,0,6
"KSK",1923,7,0,0,0,0
"KSK",1924,19,7,7,0,1
"KSK",1925,2,0,0,0,6
"KSK",1926,0,0,0,0,0
"KSK",1927,0,0,0,0,0
"KSK",1928,0,0,0,0,0
"KSK",1929,0,0,0,0,0
"KSK",1930,8,0,0,0,2
"KSK",1931,9,0,0,0,0
"KSK",1932,9,0,0,0,0
"KSK",1933,0,0,0,0,0
"KSK",1934,0,0,0,0,0
"KSK",1935,6,0,8,0,0
"KSK",1936,1,0,0,0,0
"KSK",1937,0,0,0,0,0
"KSK",1938,1,0,1,0,0
"KSK",1939,0,0,0,0,0
"KSK",1940,0,0,1,0,0
"KSK",1941,0,0,1,0,0
"KSK",1942,0,0,0,0,0
"KSK",1943,0,0,0,0,0
"KSK",1944,0,0,0,0,0
"KSK",1945,0,0,0,0,0
"KSK",1946,2,0,1,0,0
"KSK",1947,5,0,0,0,0
"KSK",1948,0,0,0,0,0
"KSK",1949,0,0,0,0,0
"KSK",1950,0,0,0,0,0
"KSK",1951,4,0,0,0,0
"KSK",1952,0,0,0,0,0
"KSK",1953,0,0,0,0,0
"KSK",1954,0,0,0,0,0
"KSK",1955,0,0,0,0,0
"KSK",1956,0,0,0,0,0
"KSK",1957,0,0,0,0,0
"KSK",1958,0,0,0,0,0
"KSK",1959,4,0,0,0,0
"KSK",1960,6,0,5,0,6
"KSK",1961,23,19,5,0,2
"KSK",1962,21,46,13,4,10
"KSK",1963,19,0,16,0,0
"KSK",1964,21,1,29,1,13
"KSK",1965,24,4,12,0,2
"KSK",1966,26,3,23,0,1
"KSK",1967,30,8,58,0,1
"KSK",1968,43,20,154,76,6
"KSK",1969,22,43,29,1,11
"KSK",1970,27,60,25,27,13
"KSK",1971,7,31,5,0,4
"KSK",1972,57,97,24,2,4
"KSK",1973,51,185,152,1,5
"KSK",1974,31,194,179,60,28
"KSK",1975,28,224,110,1,18
"KSK",1976,50,233,112,40,16
"KSK",1977,59,299,264,1,20
"KSK",1978,64,313,252,309,16
"KSK",1979,8,182,406,1,705
"KSK",1980,49,559,328,30,43
"KSK",1981,79,483,278,0,106
"KSK",1982,78,323,570,18,96
"KSK",1983,81,295,199,0,89
"KSK",1984,74,489,830,24,81
"KSK",1985,74,225,382,0,121
"KSK",1986,45,349,736,31,142
"KSK",1987,65,602,479,0,171
"KSK",1988,75,1447,626,38,150
"KSK",1989,67,802,556,1,83
"KSK",1990,85,523,445,16,204
"KSK",1991,48,503,558,1,203
"KSK",1992,68,449,783,86,194
"KSK",1993,29,103,695,0,172
"KSK",1994,29,373,864,85,194
"KSK",1995,73,723,562,0,200
"KSK",1996,23,296,1102,2,123
"KSK",1997,48,68,168,0,124
"KTZ",1914,0,9,0,0,0
"KTZ",1915,0,5,0,0,0
"KTZ",1916,0,19,0,0,0
"KTZ",1917,0,45,0,0,0
"KTZ",1918,0,27,0,0,0
"KTZ",1919,0,0,0,0,0
"KTZ",1920,0,0,0,0,0
"KTZ",1921,0,0,0,0,0
"KTZ",1922,0,0,0,0,0
"KTZ",1923,0,0,0,0,0
"KTZ",1924,0,0,0,0,0
"KTZ",1925,0,0,0,0,0
"KTZ",1926,0,0,0,0,0
"KTZ",1927,0,0,0,0,0
"KTZ",1928,0,0,0,0,0
"KTZ",1929,0,0,0,0,0
"KTZ",1930,0,0,0,0,0
"KTZ",1931,0,0,0,0,0
"KTZ",1932,0,0,0,0,0
"KTZ",1933,0,0,0,0,0
"KTZ",1934,0,0,0,0,0
"KTZ",1935,0,0,0,0,0
"KTZ",1936,0,0,0,0,0
"KTZ",1937,0,0,0,0,0
"KTZ",1938,0,0,0,0,0
"KTZ",1939,0,0,0,0,0
"KTZ",1940,0,0,0,0,0
"KTZ",1941,0,0,0,0,0
"KTZ",1942,0,0,0,0,0
"KTZ",1943,0,0,0,0,0
"KTZ",1944,0,0,0,0,0
"KTZ",1945,0,0,0,0,0
"KTZ",1946,0,0,0,0,0
"KTZ",1947,0,0,0,0,0
"KTZ",1948,0,0,0,0,0
"KTZ",1949,0,0,0,0,0
"KTZ",1950,0,0,0,0,0
"KTZ",1951,0,0,0,0,0
"KTZ",1952,0,0,0,0,0
"KTZ",1953,0,0,0,0,0
"KTZ",1954,0,0,0,0,0
"KTZ",1955,0,0,0,0,0
"KTZ",1956,0,0,0,0,0
"KTZ",1957,0,0,0,0,0
"KTZ",1958,0,0,0,0,0
"KTZ",1959,0,0,0,0,0
"KTZ",1960,0,0,0,0,0
"KTZ",1961,0,0,0,0,0
"KTZ",1962,0,130,0,0,0
"KTZ",1963,0,54,0,0,0
"KTZ",1964,0,76,0,0,0
"KTZ",1965,0,40,0,0,0
"KTZ",1966,0,32,0,0,0
"KTZ",1967,0,29,0,0,0
"KTZ",1968,0,30,0,0,0
"KTZ",1969,0,59,0,0,0
"KTZ",1970,0,159,0,0,0
"KTZ",1971,0,155,0,0,0
"KTZ",1972,0,170,0,0,0
"KTZ",1973,0,379,0,0,0
"KTZ",1974,0,627,0,0,0
"KTZ",1975,0,564,0,0,0
"KTZ",1976,0,160,0,0,0
"KTZ",1977,0,193,0,0,0
"KTZ",1978,0,112,0,7,0
"KTZ",1979,0,142,0,1,0
"KTZ",1980,0,366,0,2,0
"KTZ",1981,0,677,0,0,0
"KTZ",1982,0,416,0,0,0
"KTZ",1983,0,176,0,0,0
"KTZ",1984,0,320,0,0,0
"KTZ",1985,0,521,0,0,0
"KTZ",1986,0,261,0,0,0
"KTZ",1987,0,109,0,0,0
"KTZ",1988,0,353,0,0,0
"KTZ",1989,0,256,0,0,0
"KTZ",1990,0,164,0,0,0
"KTZ",1991,0,240,0,0,0
"KTZ",1992,0,289,0,0,0
"KTZ",1993,0,71,0,0,0
"KTZ",1994,0,149,0,0,0
"KTZ",1995,0,80,0,0,0
"KTZ",1996,0,143,0,0,0
"NOP",1906,2,0,0,0,135
"NOP",1907,2,0,3,2,67
"NOP",1908,1,0,0,0,167
"NOP",1909,2,1,0,0,143
"NOP",1910,0,0,0,0,0
"NOP",1911,0,0,0,0,130
"NOP",1912,1,2,11,0,253
"NOP",1913,1,2,19,0,889
"NOP",1914,8,0,0,0,1325
"NOP",1915,14,55,0,0,1974
"NOP",1916,44,191,0,3,1975
"NOP",1917,20,90,7,1,680
"NOP",1918,10,252,0,1,1209
"NOP",1919,20,143,0,12,389
"NOP",1920,19,37,0,0,1372
"NOP",1921,12,33,0,0,1746
"NOP",1922,10,43,0,0,668
"NOP",1923,9,26,0,0,732
"NOP",1924,10,48,0,0,702
"NOP",1925,11,54,0,0,400
"NOP",1926,24,72,0,0,673
"NOP",1927,16,87,0,0,231
"NOP",1928,5,84,0,0,856
"NOP",1929,4,145,0,0,878
"NOP",1930,4,94,0,0,168
"NOP",1931,2,55,0,0,761
"NOP",1932,3,56,0,0,977
"NOP",1933,1,16,0,0,350
"NOP",1934,2,13,0,0,1091
"NOP",1935,1,34,0,0,479
"NOP",1936,1,19,0,3,611
"NOP",1937,2,66,0,0,861
"NOP",1938,6,35,0,0,1010
"NOP",1939,4,82,0,0,746
"NOP",1940,1,66,0,0,679
"NOP",1941,1,30,0,3,492
"NOP",1942,0,0,0,0,0
"NOP",1943,0,50,0,1,567
"NOP",1944,0,158,0,3,415
"NOP",1945,0,335,0,2,394
"NOP",1946,2,36,0,0,698
"NOP",1947,0,75,0,0,358
"NOP",1948,2,162,17,0,478
"NOP",1949,1,41,26,0,137
"NOP",1950,1,218,38,0,128
"NOP",1951,1,203,33,20,359
"NOP",1952,1,247,54,1,355
"NOP",1953,1,224,26,18,537
"NOP",1954,3,405,35,18,355
"NOP",1955,4,130,6,1,587
"NOP",1956,4,427,8,28,1371
"NOP",1957,1,275,18,3,328
"NOP",1958,15,255,57,60,474
"NOP",1959,29,405,59,10,635
"NOP",1960,10,607,44,35,693
"NOP",1961,6,153,25,3,388
"NOP",1962,6,37,40,28,256
"NOP",1963,4,56,41,7,225
"NOP",1964,4,139,37,7,235
"NOP",1965,6,70,34,2,199
"NOP",1966,9,79,37,16,245
"NOP",1967,6,41,47,1,225
"NOP",1968,4,74,65,0,237
"NOP",1969,5,28,48,0,321
"NOP",1970,5,71,26,35,573
"NOP",1971,2,64,8,0,354
"NOP",1972,2,85,10,0,179
"NOP",1973,5,156,27,1,172
"NOP",1974,5,36,24,11,256
"NOP",1975,2,9,28,0,238
"NOP",1976,5,74,26,1,641
"NOP",1977,5,129,34,1,472
"NOP",1978,14,164,62,485,897
"NOP",1979,17,66,113,5,1979
"NOP",1980,18,717,128,302,2786
"NOP",1981,19,709,155,14,1857
"NOP",1982,30,331,238,12,1435
"NOP",1983,29,348,75,3,2092
"NOP",1984,23,797,199,27,1735
"NOP",1985,24,667,176,3,2596
"NOP",1986,12,271,164,23,2464
"NOP",1987,14,369,172,3,1209
"NOP",1988,17,393,234,65,1528
"NOP",1989,11,157,228,4,1719
"NOP",1990,12,126,193,518,2415
"NOP",1991,9,191,217,4,2392
"NOP",1992,13,342,207,194,3576
"NOP",1993,24,135,64,5,3867
"NOP",1994,19,84,242,226,2783
"NOP",1995,8,99,136,12,3273
"NOP",1996,5,68,157,54,1911
"NOP",1997,10,97,95,51,2155
"NRS",1961,5,48,14,34,0
"NRS",1962,7,183,9,33,0
"NRS",1963,7,155,17,56,0
"NRS",1964,2,145,0,13,0
"NRS",1965,1,37,2,0,0
"NRS",1966,2,80,6,13,0
"NRS",1967,2,42,2,29,0
"NRS",1968,1,45,7,71,0
"NRS",1969,2,82,7,87,0
"NRS",1970,2,107,4,64,0
"NRS",1971,3,131,3,5,0
"NRS",1972,3,101,0,45,0
"NRS",1973,2,124,9,48,0
"NRS",1974,3,164,2,149,0
"NRS",1975,2,213,5,32,0
"NRS",1976,2,96,7,88,0
"NRS",1977,5,200,4,49,0
"NRS",1978,10,189,7,326,0
"NRS",1979,11,138,31,165,0
"NRS",1980,6,181,30,227,0
"NRS",1981,8,170,31,230,0
"NRS",1982,6,183,92,225,0
"NRS",1983,10,319,50,76,0
"NRS",1984,8,146,68,118,0
"NRS",1985,19,135,22,4,0
"NRS",1986,6,147,36,41,0
"NRS",1987,7,103,24,2,0
"NRS",1988,4,107,37,75,1
"NRS",1989,6,43,44,0,0
"NRS",1990,9,65,57,0,0
"NRS",1991,6,87,64,0,0
"NRS",1992,5,83,105,6,0
"NRS",1993,9,54,43,163,0
"NRS",1994,5,18,102,982,0
"NRS",1995,9,43,48,82,0
"NRS",1996,0,5,70,487,0
"NRS",1997,13,34,32,0,0
"NSE",1883,0,0,0,0,108
"NSE",1884,0,0,0,0,143
"NSE",1885,0,0,0,0,26
"NSE",1886,0,0,0,0,113
"NSE",1887,0,0,0,0,143
"NSE",1888,0,0,0,0,212
"NSE",1889,0,0,0,0,557
"NSE",1890,0,0,2,0,636
"NSE",1891,0,0,0,0,670
"NSE",1892,0,0,5,0,578
"NSE",1893,0,0,0,0,428
"NSE",1894,7,0,11,0,349
"NSE",1895,9,0,11,0,337
"NSE",1896,11,0,9,0,469
"NSE",1897,15,0,12,0,338
"NSE",1898,0,0,37,0,337
"NSE",1899,13,0,4,0,485
"NSE",1900,11,0,38,68,1024
"NSE",1901,9,0,66,1120,711
"NSE",1902,5,0,107,1233,1185
"NSE",1903,6,0,249,951,1278
"NSE",1904,33,187,136,1330,2072
"NSE",1905,46,869,162,858,1335
"NSE",1906,27,869,388,2540,1330
"NSE",1907,61,917,221,3781,1056
"NSE",1908,32,1187,202,5458,1365
"NSE",1909,38,450,137,2560,1585
"NSE",1910,37,873,238,2446,1541
"NSE",1911,62,1575,365,4970,1313
"NSE",1912,68,2632,449,4726,1567
"NSE",1913,65,1044,283,6622,1254
"NSE",1914,71,1595,566,3924,2128
"NSE",1915,94,1102,299,9863,1538
"NSE",1916,135,2059,830,9809,1274
"NSE",1917,176,2774,626,22219,1454
"NSE",1918,173,6436,701,15781,1486
"NSE",1919,246,4937,799,6999,1480
"NSE",1920,149,3880,535,7113,1221
"NSE",1921,223,1102,456,1775,631
"NSE",1922,124,1362,442,5064,810
"NSE",1923,478,1301,456,9059,972
"NSE",1924,479,2735,475,9232,1014
"NSE",1925,251,3563,448,4660,934
"NSE",1926,197,3189,400,12386,978
"NSE",1927,295,1572,599,5471,625
"NSE",1928,239,2041,1252,17990,897
"NSE",1929,379,1595,519,8849,1278
"NSE",1930,307,1742,630,22183,1494
"NSE",1931,163,1180,430,13676,661
"NSE",1932,312,2870,906,7822,1026
"NSE",1933,73,2895,398,10420,441
"NSE",1934,121,2734,643,15016,431
"NSE",1935,597,2165,416,7178,751
"NSE",1936,278,3878,499,13150,940
"NSE",1937,263,2509,356,14051,903
"NSE",1938,265,1740,640,9953,1089
"NSE",1939,493,1545,324,6228,1063
"NSE",1940,370,2432,502,10493,485
"NSE",1941,515,1362,611,22978,424
"NSE",1942,180,2285,612,13459,455
"NSE",1943,252,3697,300,4845,454
"NSE",1944,173,3833,275,9332,716
"NSE",1945,169,1534,425,5345,623
"NSE",1946,261,1608,411,3442,370
"NSE",1947,170,1235,474,3336,367
"NSE",1948,205,904,716,1482,199
"NSE",1949,222,941,872,9922,191
"NSE",1950,192,1438,621,1687,306
"NSE",1951,262,2311,1925,5792,390
"NSE",1952,263,1668,918,3431,352
"NSE",1953,293,2060,488,1175,659
"NSE",1954,226,3239,888,2406,641
"NSE",1955,218,1116,670,4060,336
"NSE",1956,126,1142,420,3635,470
"NSE",1957,173,1909,666,2158,420
"NSE",1958,184,1580,357,3315,388
"NSE",1959,207,687,530,4269,336
"NSE",1960,185,485,306,1429,329
"NSE",1961,127,1504,360,8698,449
"NSE",1962,130,1007,391,550,345
"NSE",1963,174,831,743,13921,326
"NSE",1964,238,738,696,7282,365
"NSE",1965,184,1181,829,5165,477
"NSE",1966,193,2564,561,4787,423
"NSE",1967,191,1516,577,2437,303
"NSE",1968,218,1367,762,9882,441
"NSE",1969,213,476,415,3609,445
"NSE",1970,198,1786,437,5244,371
"NSE",1971,197,1237,442,3015,257
"NSE",1972,140,1905,635,3237,324
"NSE",1973,226,964,443,1883,455
"NSE",1974,187,984,558,664,259
"NSE",1975,151,310,119,617,57
"NSE",1976,130,514,476,144,207
"NSE",1977,185,302,519,2528,254
"NSE",1978,264,213,810,2782,202
"NSE",1979,217,550,615,3832,356
"NSE",1980,207,789,450,1432,210
"NSE",1981,167,483,586,5376,210
"NSE",1982,174,511,1071,11254,440
"NSE",1983,194,645,1018,6058,469
"NSE",1984,193,2229,962,5008,475
"NSE",1985,174,1868,1213,21221,497
"NSE",1986,183,1496,1588,1144,388
"NSE",1987,212,1523,672,5635,577
"NSE",1988,159,1428,437,2031,410
"NSE",1989,184,696,1078,13636,664
"NSE",1990,209,1313,1325,5627,535
"NSE",1991,204,1784,1668,18424,505
"NSE",1992,134,2752,1914,15933,555
"NSE",1993,182,4936,1825,18067,532
"NSE",1994,152,6951,3220,36573,480
"NSE",1995,170,6572,1716,6594,288
"NSE",1996,187,10459,1492,10921,478
"NSE",1997,256,6441,1034,13591,354
"PWS",1889,0,0,0,0,243
"PWS",1890,5,0,0,0,411
"PWS",1891,6,0,0,0,711
"PWS",1892,0,0,0,0,0
"PWS",1893,9,0,72,0,793
"PWS",1894,8,0,17,0,710
"PWS",1895,10,0,143,0,508
"PWS",1896,1,0,32,308,715
"PWS",1897,2,0,26,302,371
"PWS",1898,2,0,0,375,417
"PWS",1899,5,0,0,213,527
"PWS",1900,3,0,88,51,748
"PWS",1901,7,0,0,314,781
"PWS",1902,3,0,0,375,800
"PWS",1903,5,0,0,399,814
"PWS",1904,0,0,0,574,109
"PWS",1905,0,0,0,0,100
"PWS",1906,0,0,0,0,61
"PWS",1907,0,0,0,252,18
"PWS",1908,0,0,0,18,117
"PWS",1909,0,0,0,0,150
"PWS",1910,0,0,14,197,68
"PWS",1911,0,0,20,156,23
"PWS",1912,0,0,16,402,48
"PWS",1913,1,0,0,426,75
"PWS",1914,0,0,13,225,72
"PWS",1915,0,2,7,449,52
"PWS",1916,0,46,48,3270,72
"PWS",1917,0,370,45,2591,222
"PWS",1918,1,1342,100,4303,249
"PWS",1919,7,559,73,1008,153
"PWS",1920,6,261,89,5315,130
"PWS",1921,0,3,9,13,93
"PWS",1922,0,51,9,2421,141
"PWS",1923,1,112,27,2447,170
"PWS",1924,1,385,69,8396,158
"PWS",1925,3,781,84,4085,97
"PWS",1926,2,587,79,11154,157
"PWS",1927,3,655,259,6125,118
"PWS",1928,4,468,190,8034,183
"PWS",1929,1,1282,66,9614,265
"PWS",1930,2,980,108,6777,207
"PWS",1931,2,560,55,4860,159
"PWS",1932,8,351,100,3466,256
"PWS",1933,4,286,76,3030,107
"PWS",1934,4,261,100,6789,144
"PWS",1935,3,471,34,2618,175
"PWS",1936,3,219,44,9581,153
"PWS",1937,2,227,60,3332,108
"PWS",1938,1,250,53,7546,116
"PWS",1939,2,273,36,2075,121
"PWS",1940,1,532,90,11543,76
"PWS",1941,0,507,48,3775,75
"PWS",1942,1,702,64,7002,97
"PWS",1943,0,476,73,10814,165
"PWS",1944,1,1209,65,8347,141
"PWS",1945,0,1754,44,11632,176
"PWS",1946,2,757,159,8026,111
"PWS",1947,1,706,66,8077,199
"PWS",1948,0,458,35,2461,208
"PWS",1949,1,828,116,6089,93
"PWS",1950,1,456,74,1851,75
"PWS",1951,4,549,48,803,208
"PWS",1952,0,550,51,2162,74
"PWS",1953,0,353,37,1996,49
"PWS",1954,0,6,0,12,6
"PWS",1955,0,5,1,27,13
"PWS",1956,0,507,35,4525,156
"PWS",1957,1,706,21,649,66
"PWS",1958,12,687,23,6290,14
"PWS",1959,1,0,1,0,0
"PWS",1960,2,382,31,1842,35
"PWS",1961,0,224,11,2298,69
"PWS",1962,2,892,32,6742,54
"PWS",1963,2,943,49,5295,60
"PWS",1964,0,539,31,4207,67
"PWS",1965,1,201,45,2460,116
"PWS",1966,1,427,24,2699,100
"PWS",1967,4,274,41,2626,46
"PWS",1968,2,343,12,2452,122
"PWS",1969,3,321,8,4829,285
"PWS",1970,1,231,12,2810,104
"PWS",1971,4,574,32,7311,88
"PWS",1972,1,45,3,55,198
"PWS",1973,2,730,2,2057,125
"PWS",1974,2,89,1,449,130
"PWS",1975,3,100,6,4453,190
"PWS",1976,1,370,6,3019,113
"PWS",1977,1,573,1,4512,310
"PWS",1978,1,485,1,2914,222
"PWS",1979,2,326,7,15630,150
"PWS",1980,0,482,3,14157,190
"PWS",1981,0,1879,4,20524,251
"PWS",1982,0,1334,30,20368,1055
"PWS",1983,1,1042,10,13972,102
"PWS",1984,1,1238,29,21561,336
"PWS",1985,1,1282,18,25110,496
"PWS",1986,1,1687,14,11408,489
"PWS",1987,1,1940,48,29337,545
"PWS",1988,1,1840,76,11829,184
"PWS",1989,1,996,203,21860,138
"PWS",1990,0,960,234,44163,58
"PWS",1991,0,332,145,37134,508
"PWS",1992,1,329,202,8635,781
"PWS",1993,2,1173,48,5751,419
"PWS",1994,1,1039,122,36874,334
"PWS",1995,1,702,140,16045,230
"PWS",1996,1,2078,172,26042,606
"PWS",1997,1,2225,64,25828,1167
"SOP",1908,0,0,0,0,69
"SOP",1909,0,0,7,0,108
"SOP",1910,0,0,6,0,46
"SOP",1911,0,83,12,25,241
"SOP",1912,0,195,27,40,334
"SOP",1913,2,7,0,0,300
"SOP",1914,1,221,10,311,629
"SOP",1915,5,333,16,120,368
"SOP",1916,7,509,34,576,731
"SOP",1917,6,415,5,72,1486
"SOP",1918,9,1501,16,2151,1014
"SOP",1919,10,921,56,80,619
"SOP",1920,8,934,48,2110,1142
"SOP",1921,1,85,1,47,831
"SOP",1922,7,349,2,757,3377
"SOP",1923,4,539,75,144,1827
"SOP",1924,4,1331,127,3931,1352
"SOP",1925,11,1117,127,382,820
"SOP",1926,9,1180,194,3720,3072
"SOP",1927,10,1300,125,1456,715
"SOP",1928,8,2416,97,901,972
"SOP",1929,11,2429,85,1794,936
"SOP",1930,11,1278,161,6095,935
"SOP",1931,11,1211,129,998,1863
"SOP",1932,17,817,112,3605,2977
"SOP",1933,13,1174,190,3109,1997
"SOP",1934,18,1940,247,6539,1372
"SOP",1935,14,2003,117,5386,978
"SOP",1936,14,2311,285,9471,3663
"SOP",1937,9,1507,74,9302,1558
"SOP",1938,6,1477,221,7169,772
"SOP",1939,17,1441,99,6005,1882
"SOP",1940,9,2326,184,7183,1040
"SOP",1941,13,1542,183,5347,1072
"SOP",1942,5,1321,123,6763,810
"SOP",1943,22,924,91,4360,2398
"SOP",1944,10,986,239,2654,539
"SOP",1945,21,949,116,3640,813
"SOP",1946,6,1220,151,1964,752
"SOP",1947,3,1219,56,2320,1137
"SOP",1948,1,1140,39,1684,286
"SOP",1949,4,561,19,1544,637
"SOP",1950,4,563,71,1614,1745
"SOP",1951,2,683,56,2845,264
"SOP",1952,9,1041,39,909,895
"SOP",1953,7,1465,48,2744,1039
"SOP",1954,4,1413,49,2033,636
"SOP",1955,5,688,45,2529,550
"SOP",1956,5,1619,62,2741,641
"SOP",1957,6,1281,50,913,342
"SOP",1958,1,841,71,1385,186
"SOP",1959,1,576,8,885,217
"SOP",1960,2,1071,3,1511,385
"SOP",1961,1,749,10,1728,457
"SOP",1962,3,823,16,1961,408
"SOP",1963,2,464,17,2303,204
"SOP",1964,2,751,14,2722,371
"SOP",1965,2,538,34,2859,880
"SOP",1966,1,485,6,302,606
"SOP",1967,2,239,3,78,297
"SOP",1968,1,325,31,1285,700
"SOP",1969,2,394,11,1204,922
"SOP",1970,2,991,33,1732,1779
"SOP",1971,2,1361,17,1425,716
"SOP",1972,1,732,8,78,557
"SOP",1973,0,293,7,58,330
"SOP",1974,1,72,9,101,197
"SOP",1975,0,131,0,61,244
"SOP",1976,2,533,0,2367,375
"SOP",1977,1,241,2,1436,312
"SOP",1978,1,515,56,5344,577
"SOP",1979,2,483,357,6565,1150
"SOP",1980,5,1353,274,7861,3613
"SOP",1981,11,1768,162,5033,2242
"SOP",1982,10,2272,256,6778,2346
"SOP",1983,27,1706,128,2828,2557
"SOP",1984,9,1655,311,11628,2318
"SOP",1985,7,1363,173,4431,2145
"SOP",1986,6,1787,236,4033,1225
"SOP",1987,9,1376,225,1209,1450
"SOP",1988,11,1909,506,7045,1474
"SOP",1989,7,994,444,7293,2661
"SOP",1990,17,1238,307,2866,2387
"SOP",1991,8,1589,317,10617,2320
"SOP",1992,8,1317,418,9770,3446
"SOP",1993,14,1048,220,9928,3689
"SOP",1994,10,2192,256,9180,2107
"SOP",1995,17,1728,264,16312,3016
"SOP",1996,6,795,293,2208,1543
"SOP",1997,8,628,116,2321,2282
"SSE",1886,0,0,0,0,5
"SSE",1887,0,0,0,0,155
"SSE",1888,0,0,16,0,224
"SSE",1889,0,0,11,92,182
"SSE",1890,0,0,42,0,251
"SSE",1891,0,0,24,0,274
"SSE",1892,0,0,11,8,207
"SSE",1893,0,0,1,187,189
"SSE",1894,0,0,5,529,253
"SSE",1895,3,0,8,606,408
"SSE",1896,4,0,192,996,989
"SSE",1897,5,7,161,2218,791
"SSE",1898,9,0,132,673,708
"SSE",1899,12,1,139,1545,797
"SSE",1900,0,2,84,2040,763
"SSE",1901,3,0,107,1049,264
"SSE",1902,4,0,34,1547,256
"SSE",1903,0,0,125,669,230
"SSE",1904,4,102,242,2381,1143
"SSE",1905,9,343,184,2060,1009
"SSE",1906,3,473,169,3859,981
"SSE",1907,17,437,180,8055,808
"SSE",1908,43,616,186,7120,731
"SSE",1909,34,249,128,6784,723
"SSE",1910,66,1121,235,6832,978
"SSE",1911,80,1141,355,15252,1032
"SSE",1912,152,2685,517,17141,808
"SSE",1913,191,1384,157,18098,392
"SSE",1914,133,3783,225,8433,826
"SSE",1915,119,2385,332,17992,781
"SSE",1916,39,2443,501,8608,596
"SSE",1917,115,3786,633,16706,657
"SSE",1918,122,2686,640,20021,789
"SSE",1919,121,4120,690,16789,1240
"SSE",1920,81,4344,272,9844,941
"SSE",1921,54,609,159,4631,329
"SSE",1922,79,2330,554,18494,673
"SSE",1923,140,2437,585,28786,1007
"SSE",1924,49,4375,482,19896,1065
"SSE",1925,106,4454,462,22660,682
"SSE",1926,63,2578,446,19268,832
"SSE",1927,69,620,241,2581,573
"SSE",1928,145,2830,907,18062,454
"SSE",1929,76,1032,850,13000,624
"SSE",1930,220,967,1285,21228,780
"SSE",1931,297,1671,722,13567,883
"SSE",1932,315,2724,484,14784,626
"SSE",1933,341,1650,692,15245,412
"SSE",1934,200,1068,1076,35204,456
"SSE",1935,36,2917,1198,22982,736
"SSE",1936,399,3726,1094,37428,1215
"SSE",1937,609,3042,867,20988,1056
"SSE",1938,485,2815,1359,20207,1072
"SSE",1939,152,1843,714,17453,1098
"SSE",1940,57,2192,1107,18493,851
"SSE",1941,93,1592,1563,37016,1008
"SSE",1942,378,3156,1414,19610,954
"SSE",1943,146,3136,1273,13165,533
"SSE",1944,152,3048,940,9949,823
"SSE",1945,257,1780,1989,16294,826
"SSE",1946,298,2402,1833,21318,402
"SSE",1947,319,2122,997,10681,250
"SSE",1948,266,3094,1324,12770,244
"SSE",1949,257,1953,1364,33981,221
"SSE",1950,187,3340,1031,7737,246
"SSE",1951,211,1807,1257,16393,281
"SSE",1952,263,2498,637,6335,457
"SSE",1953,204,1466,525,3798,606
"SSE",1954,169,988,615,6462,440
"SSE",1955,151,388,467,5248,234
"SSE",1956,107,1535,366,10076,337
"SSE",1957,121,1428,488,4683,501
"SSE",1958,138,1169,500,6460,541
"SSE",1959,150,523,354,3569,364
"SSE",1960,124,521,294,1542,211
"SSE",1961,100,1044,399,3875,212
"SSE",1962,73,971,642,11007,346
"SSE",1963,84,637,386,5145,299
"SSE",1964,118,1193,722,11259,466
"SSE",1965,102,289,593,5710,485
"SSE",1966,113,706,598,15650,445
"SSE",1967,108,290,169,642,580
"SSE",1968,110,1263,658,15201,309
"SSE",1969,95,69,120,1199,248
"SSE",1970,112,635,281,5371,185
"SSE",1971,125,703,428,6259,237
"SSE",1972,142,1030,821,9153,463
"SSE",1973,113,792,349,4559,422
"SSE",1974,152,685,640,4221,346
"SSE",1975,144,374,271,3333,115
"SSE",1976,104,509,295,5162,256
"SSE",1977,61,425,299,11298,650
"SSE",1978,96,649,697,18425,455
"SSE",1979,127,330,547,6990,552
"SSE",1980,84,833,529,12924,739
"SSE",1981,88,343,607,13525,713
"SSE",1982,106,814,800,12956,839
"SSE",1983,93,512,811,31462,935
"SSE",1984,68,1823,687,19677,638
"SSE",1985,74,1394,984,30708,1129
"SSE",1986,70,1845,1568,45019,904
"SSE",1987,66,1184,663,4631,540
"SSE",1988,78,2078,349,9055,888
"SSE",1989,84,1256,815,45763,1131
"SSE",1990,125,899,1259,26683,1276
"SSE",1991,120,1549,1307,43497,1328
"SSE",1992,88,2176,1302,19010,1797
"SSE",1993,98,2938,1331,39219,2313
"SSE",1994,56,3441,1735,21059,1704
"SSE",1995,32,4582,1093,41315,1353
"SSE",1996,24,5605,1173,53676,2110
"SSE",1997,38,5348,540,15298,2012
"YAK",1902,0,0,12,35,53
"YAK",1903,0,0,0,0,0
"YAK",1904,0,0,97,111,142
"YAK",1905,0,0,50,45,267
"YAK",1906,0,0,81,63,297
"YAK",1907,0,0,101,54,331
"YAK",1908,7,0,46,54,431
"YAK",1909,0,0,68,18,483
"YAK",1910,2,2,164,42,465
"YAK",1911,0,14,158,181,508
"YAK",1912,5,6,127,32,638
"YAK",1913,4,0,112,45,562
"YAK",1914,12,0,116,6,544
"YAK",1915,9,0,157,157,433
"YAK",1916,1,0,127,41,435
"YAK",1917,17,0,189,93,493
"YAK",1918,13,0,225,116,454
"YAK",1919,13,0,244,24,494
"YAK",1920,24,0,211,44,486
"YAK",1921,13,0,198,35,513
"YAK",1922,9,0,180,73,377
"YAK",1923,16,6,190,294,360
"YAK",1924,20,0,155,311,395
"YAK",1925,20,2,148,104,201
"YAK",1926,19,4,144,246,207
"YAK",1927,10,1,292,100,242
"YAK",1928,0,0,0,0,0
"YAK",1929,0,0,0,0,0
"YAK",1930,83,0,84,72,313
"YAK",1931,0,0,0,0,280
"YAK",1932,0,0,0,0,0
"YAK",1933,13,3,133,118,157
"YAK",1934,18,3,238,108,355
"YAK",1935,8,2,146,88,407
"YAK",1936,4,1,207,169,248
"YAK",1937,7,4,178,127,228
"YAK",1938,7,1,201,129,375
"YAK",1939,7,0,84,41,326
"YAK",1940,2,1,230,108,171
"YAK",1941,5,5,341,67,243
"YAK",1942,0,0,185,58,158
"YAK",1943,1,0,107,29,138
"YAK",1944,3,0,91,64,183
"YAK",1945,11,4,173,15,233
"YAK",1946,9,1,123,62,116
"YAK",1947,8,3,75,25,129
"YAK",1948,9,7,106,100,82
"YAK",1949,1,0,45,18,78
"YAK",1950,0,0,0,0,0
"YAK",1951,1,5,128,35,148
"YAK",1952,2,13,188,37,110
"YAK",1953,2,16,151,9,112
"YAK",1954,2,16,267,40,127
"YAK",1955,4,24,202,26,111
"YAK",1956,6,24,130,17,108
"YAK",1957,4,32,63,16,111
"YAK",1958,1,18,99,62,42
"YAK",1959,1,37,139,13,77
"YAK",1960,1,12,121,14,48
"YAK",1961,3,12,130,65,83
"YAK",1962,3,18,190,28,81
"YAK",1963,1,11,146,79,53
"YAK",1964,2,6,170,40,92
"YAK",1965,1,4,125,4,123
"YAK",1966,2,260,67,3,185
"YAK",1967,2,4,120,33,88
"YAK",1968,4,14,122,2,81
"YAK",1969,5,15,60,64,118
"YAK",1970,10,7,39,4,112
"YAK",1971,10,5,41,81,129
"YAK",1972,6,8,56,3,132
"YAK",1973,4,9,43,17,128
"YAK",1974,8,4,79,4,82
"YAK",1975,6,4,38,80,73
"YAK",1976,6,7,52,29,131
"YAK",1977,38,9,100,78,186
"YAK",1978,41,7,209,36,131
"YAK",1979,24,8,123,154,165
"YAK",1980,31,20,137,144,160
"YAK",1981,17,11,166,138,149
"YAK",1982,20,6,237,12,213
"YAK",1983,5,11,101,26,153
"YAK",1984,10,32,261,21,103
"YAK",1985,10,13,402,26,235
"YAK",1986,12,18,248,9,151
"YAK",1987,10,15,208,14,260
"YAK",1988,7,30,260,122,162
"YAK",1989,6,17,311,61,330
"YAK",1990,11,6,284,32,345
"YAK",1991,9,3,221,5,230
"YAK",1992,4,8,479,21,315
"YAK",1993,17,6,509,13,347
"YAK",1994,9,5,761,14,208
"YAK",1995,12,3,536,55,154
"YAK",1996,10,3,492,32,209
"YAK",1997,7,1,401,95,111
"YUK",1918,12,74,26,26,0
"YUK",1919,105,328,37,37,0
"YUK",1920,58,156,0,0,0
"YUK",1921,70,111,1,1,0
"YUK",1922,17,0,0,0,0
"YUK",1923,13,0,0,0,0
"YUK",1924,27,0,0,0,0
"YUK",1925,0,0,0,0,0
"YUK",1926,0,0,0,0,0
"YUK",1927,0,0,0,0,0
"YUK",1928,0,0,0,0,0
"YUK",1929,0,0,0,0,0
"YUK",1930,0,0,0,0,0
"YUK",1931,0,0,0,0,0
"YUK",1932,5,0,0,0,0
"YUK",1933,9,0,0,0,0
"YUK",1934,25,0,0,0,0
"YUK",1935,7,0,0,0,0
"YUK",1936,21,0,0,0,0
"YUK",1937,6,0,0,0,0
"YUK",1938,14,0,0,0,0
"YUK",1939,10,0,0,0,0
"YUK",1940,18,0,0,0,0
"YUK",1941,30,0,0,0,0
"YUK",1942,22,0,0,0,0
"YUK",1943,28,0,0,0,0
"YUK",1944,14,0,0,0,0
"YUK",1945,20,0,0,0,0
"YUK",1946,23,0,0,0,0
"YUK",1947,54,0,0,0,0
"YUK",1948,34,0,0,0,0
"YUK",1949,36,0,0,0,0
"YUK",1950,42,0,0,0,0
"YUK",1951,56,0,0,0,0
"YUK",1952,39,0,11,11,0
"YUK",1953,59,6,0,0,0
"YUK",1954,65,14,0,0,0
"YUK",1955,56,0,0,0,0
"YUK",1956,62,11,0,0,0
"YUK",1957,64,0,0,0,0
"YUK",1958,64,0,0,0,0
"YUK",1959,78,0,0,0,0
"YUK",1960,68,0,0,0,0
"YUK",1961,120,42,3,3,0
"YUK",1962,95,54,23,23,0
"YUK",1963,117,0,6,6,0
"YUK",1964,94,8,2,2,0
"YUK",1965,118,23,1,1,0
"YUK",1966,93,71,19,19,0
"YUK",1967,129,49,11,11,0
"YUK",1968,107,67,13,13,0
"YUK",1969,134,201,97,97,0
"YUK",1970,117,348,50,50,1
"YUK",1971,148,359,17,0,3
"YUK",1972,93,288,22,0,0
"YUK",1973,75,518,37,0,0
"YUK",1974,98,868,16,0,0
"YUK",1975,64,985,3,0,0
"YUK",1976,88,757,5,0,0
"YUK",1977,96,792,39,0,0
"YUK",1978,99,1286,26,0,0
"YUK",1979,128,1139,17,0,0
"YUK",1980,154,1222,9,0,0
"YUK",1981,158,1473,24,0,0
"YUK",1982,124,686,37,0,0
"YUK",1983,106,966,13,0,0
"YUK",1984,120,797,82,0,0
"YUK",1985,144,761,57,0,0
"YUK",1986,100,861,47,0,0
"YUK",1987,132,442,0,0,0
"YUK",1988,101,1310,98,1,0
"YUK",1989,102,1253,85,0,0
"YUK",1990,96,444,44,1,0
"YUK",1991,102,586,106,0,0
"YUK",1992,120,351,8,0,0
"YUK",1993,96,98,0,0,0
"YUK",1994,115,97,6,0,0
"YUK",1995,92,249,54,0,0
"YUK",1996,112,153,35,0,0
